id,status,decision,reason,origin,supersedes,impact
DEC-130-01,approved,Preservar versão da tese,Separar evolução de evidências anteriores,Plano aprovado pela autora,,Repositório novo
DEC-130-02,approved,AplicacaoDeCriterio registra apoio situado,Evitar produto cartesiano entre critérios e conhecimentos,Auditoria de código e base,,OWL SHACL CQ4 compositor e testes
DEC-130-03,approved,Separar recuperação de autorização,Articulação não deve eliminar impedimentos,Plano aprovado pela autora,,Motor e explicação
DEC-130-04,approved,Sem armazenamento de casos,Demonstrador público sem histórico,Plano aprovado pela autora,,Worker por aba e limpeza
DEC-130-05,approved,Retirar citações sem autorização de redistribuição,Proteger conteúdo de terceiros mantendo referência e localização,Plano aprovado pela autora,,Projeção pública e formas SHACL
DEC-130-06,approved,Manter seis classes centrais,Não ampliar a taxonomia clínica ou pedagógica,Decisões da tese preservadas,,Apenas elemento auxiliar novo
DEC-130-07,approved,Usar AMADO como nome do instrumento,Distinguir instrumento da ontologia,Decisão explícita da autora,,Documentação e interface
DEC-130-08,approved,Não exigir DOI nem aplicar licença aberta,Autoria e referência simples bastam nesta publicação,Decisão explícita da autora,,README e direitos
DEC-130-09,approved,Simplificar apresentação pública e oferecer ajustes de leitura,Separar metadados técnicos da página inicial e facilitar navegação e descoberta,Pedido explícito da autora em 2026-10-07,,HTML CSS JavaScript de apresentação e metadados sem alterar motor ou ontologia
DEC-130-10,approved,Distinguir apresentação didática de documentação técnica,Reduzir repetição e apresentar MADO e AMADO como partes do mesmo projeto com funções complementares,Pedido explícito da autora em 2026-10-07,,Somente conteúdo e navegação públicos com definições recolhíveis e aviso de privacidade discreto
DEC-130-11,approved,Oferecer visão guiada paralela do AMADO e compactar problema na Home,Reduzir sobrecarga de leitura sem substituir a visão atual nem mudar decisões,Pedido explícito da autora em 2026-10-07,,Nova rota com o mesmo app motor base e consultas; etapas de apresentação e configurações recolhíveis preservam condições e limites
DEC-130-12,approved,Explicar o propósito sem slogans e compactar a tipografia nas duas visões,Apresentar a ontologia como meio de apoio à decisão e preservar a amplitude multimodal,Plano aprovado pela autora em 2026-10-07,,Revisão editorial e visual; sequência operacional em HTML; escala relativa de leitura; sem alteração da ontologia base consultas motor ou textos das decisões
DEC-130-13,approved,Substituir cartões por sequência UML e renomear Documentação técnica,Reduzir espaço vazio e rolagem sem estreitar textos nem alterar o AMADO,Pedido explícito da autora em 2026-10-07,,SVG com linhas de vida mensagens e alternativa textual; largura ampliada e detalhes recolhíveis; baseline bbd1df9 preservada no Git; nenhuma alteração semântica
